channel,median_visual_or_camera_segment_s,dominant_camera_moves,signature_primitives,transition_types,sync_style,music_sfx_behavior,provenance
Kings and Generals,"4-8 (R); long holds 10-20 s while units move (R)","static hold on campaign map; slow push; pan following arrows","MAP.UNIT_BLOCKS MAP.ARMY_ARROW MAP.FRONTLINE MAP.TERRAIN_RELIEF GFX.PORTRAIT_CARD GFX.TITLE_CARD","cut; crossfade between map and illustrated stills","units move during the clause describing the move (lag 0-0.5 s) (R)","continuous orchestral bed; low SFX density (R)",R = recall estimate; replace by measurement
Epic History TV,"5-10 (R)","slow push/pan over painted map; zoom-to-battlefield","MAP.ARMY_ARROW (bold) MAP.ROUTE_DRAW GFX.PORTRAIT_CARD period paintings w/ Ken Burns","crossfade; dip; chapter cards","arrow starts on verb (R)","orchestral swells at chapter breaks (R)",R
RealLifeLore,"3-6 (R)","CAM.FLYTO satellite zooms; 3D terrain orbits","MAP.REGION_HIGHLIGHT MAP.CITY_DOTS MAP.CHOROPLETH MAP.TERRAIN_RELIEF GFX.STAT_COUNTER","cut on camera velocity; zoom-through","highlight on noun (lead 0-0.2 s) (R)","ambient synth bed; whoosh on flights (R)",R
Johnny Harris,"map sequences 0.5-1.5 s per map change; talking-head takes 10-30 s","satellite zoom-in; globe rotate 2-4 s","MAP.REGION_HIGHLIGHT (yellow/orange fill) MAP.ROUTE_DRAW (dashed arc) GFX.DOC_PAPER archival montage","cut; whoosh-masked zooms","text pops 'precisely when spoken'; map changes 'synched to narration pace but independent of specific words'","~28 music drops + ~19 swells in ~19 min (~2.5 music events/min); whoosh_fast on zooms",V = third-party VLM teardown (github.com/voidash/claudepipe); single video; unverified
PolyMatter,"4-9 s per visual; crossfades, few hard cuts","slow push; flat-map pans","flat vector maps GFX.CHART GFX.ICON_SWARM GFX.STAT_COUNTER","crossfade (zero hard cuts in one 120 s intro)","narration delivers a new concrete referent every 3-6 s","calm bed (R)",S = danielzhang04/kb universal.md (scene-detection estimate from transcripts; 'directional')
Wendover Productions,"~10 s per visual; 40-60 s holds on one data graphic built line by line","pan along routes; static data holds","MAP.ROUTE_DRAW GFX.CHART (built incrementally) MAP.PIN_DROP","cut; crossfade","chart elements added per sentence (R)","steady bed (R)",S (same source) + R
EmperorTigerstar,"one continuous map; reframes every 10-60 s (R)","slow pan/zoom to active front","MAP.BORDER_MORPH MAP.YEAR_COUNTER (day/year) MAP.FRONTLINE","none (continuous)","no narration; music-led","single music track per segment (R)",R
Ollie Bye,"one continuous map; reframes per era (R)","slow zoom/pan","MAP.BORDER_MORPH MAP.YEAR_COUNTER labels for polities","none (continuous)","border change lags narration mention 0-1 s (R)","narration + light bed (R)",R
Vox (calibration control),"cameras move slowly: 2-5% over 4-6 s; elements enter in 12-20 frames (0.4-0.7 s) with hard ease-out; highlighter draw 8-12 frames","slow push toward the target region","paper cutouts; highlighter; MAP.REGION_HIGHLIGHT; FX.12FPS_STUTTER on overlays","cut at peak velocity with matched motion vectors; 1-2 frames directional blur; J-cut audio; never cut to blank","enter order = reading order = narration order","texture/grain constant",S = CutbackVideo vox-video VOX-STYLE-CHARACTERISTICS.md citing Vox process videos
Generic short-form (all niches; Kuaishou SHOT),"median 1.67 s; mean 2.55 s; p90 4.8 s; lognormal sigma 0.99; ~21-23 cuts/min","n/a","n/a","hard cuts + complex gradual transitions","n/a","n/a",M = computed from AutoShot SHOT labels (344 videos / 4853 shots)
