template_id,name,beat_types,primitives (local IDs; map to Area-1 catalog),camera,timing_law,variant_axes,presets,complexity,motion_designer_days (est),creative_tech_days (est),in_MVP
T01,GLOBE_TO_REGION,ESTABLISH_PLACE;HOOK,CAM.ESTABLISH_GLOBE CAM.FLYTO MAP.REGION_HIGHLIGHT MAP.LABEL_CALLOUT SFX.WHOOSH,flyTo (van Wijk rho=1.42),dur=S/V clamped 2.5-6 s; settle >=0.3 s before key noun,approach bearing; pitch 0-60; highlight fill|outline-pulse|glow; label side,P1 P2 P3 P4,M,2.5,2.5,yes
T02,ZOOM_TO_FOCUS,ZOOM_TO_FOCUS;ESTABLISH_PLACE,CAM.FLYTO MAP.PIN_DROP MAP.LABEL_CALLOUT,flyTo short hop,1.5-3 s; pin lands on noun onset -0.2..0 s,pin style; label leader angle; zoom depth,P1 P2 P3 P4,S,1.5,1.5,yes
T03,HIGHLIGHT_HOLD_PUSH,ESTABLISH_PLACE;STAT_FACT;generic hold,CAM.PUSH MAP.REGION_HIGHLIGHT MAP.LABEL_CALLOUT FX.12FPS_STUTTER(opt),push 2-5% over hold,hold = beat length; elements 12-20 frames ease-out,push target; accent colour; secondary label,P1 P2 P3 P4,S,1.5,1.5,yes
T04,ROUTE_JOURNEY,ROUTE_JOURNEY,MAP.ROUTE_DRAW CAM.PAN_TRACK icon-on-path SFX.WHOOSH,pan tracks line head,draw time = clause duration; head reaches destination on destination noun,solid|dashed|arc; vehicle icon; trail fade,P1 P2 P3,M,2.5,2.5,yes
T05,ARMY_ARROWS,MANEUVER,MAP.ARMY_ARROW CAM.STATIC|CAM.PUSH SFX.WHOOSH,static or slow push,arrow onset on movement verb (lead 0-0.2 s); growth 1-2.5 s,arrow taper/colour by side; split/merge arrows; curvature,P2 P1,M,2.5,2.5,yes
T06,UNIT_BLOCKS_MOVE,MANEUVER;FORCES_INTRO,MAP.UNIT_BLOCKS MAP.FRONTLINE CAM.PAN_TRACK,pan to keep centroid of moving units,move dur = clause; stagger 3-6 frames per unit,NATO|historic block style; formation; facing,P2,L,4.0,4.5,yes
T07,FORCES_INTRO,FORCES_INTRO,MAP.UNIT_BLOCKS GFX.STAT_COUNTER GFX.FLAG_ICON GFX.PORTRAIT_CARD(opt),static / slow push,one side per clause; counters count up over 0.6-1.0 s,side-by-side|sequential; counter style,P2,M,2.5,2.5,yes
T08,CLASH,CLASH;OUTCOME,MAP.FRONTLINE FX.SMOKE_FIRE FX.EXPLOSION_FLASH FX.SHAKE SFX.HIT SFX.AMBIENT(battle),static; micro-shake <=1% on hits,hit FX frame-locked to SFX (|offset|<=1 frame),smoke density; flash colour; casualty counter,P2 P1,L,4.0,4.5,yes
T09,TERRITORY_CHANGE,TERRITORY_CHANGE;OUTCOME,MAP.BORDER_MORPH MAP.REGION_HIGHLIGHT MAP.YEAR_COUNTER(opt),static or slow zoom-out,morph 0.8-2 s starting on change verb,sweep direction; flash on capture; hatch for occupied,P1 P2 P3 P4,L,4.0,4.5,yes
T10,TIMELAPSE_RUN,TIME_JUMP series;TERRITORY_CHANGE,MAP.BORDER_MORPH MAP.YEAR_COUNTER MAP.LABEL_CALLOUT CAM.slow reframe,reframe to active region every 10-60 s,rate param (years/s); label fade 0.3 s,rate curve; label density; era colour set,P4,L,4.0,4.5,yes
T11,PERSON_INTRO,PERSON_INTRO,GFX.PORTRAIT_CARD MAP.PIN_DROP GFX.LOWER_THIRD Ken-Burns,static map + card,card in on name onset -0.2 s; hold >= name+title read time,card frame style; side; B/W vs colour,P1 P2 P3,S,1.5,1.5,yes
T12,STAT_CALLOUT,STAT_FACT,GFX.STAT_COUNTER icon MAP.REGION_HIGHLIGHT,static or push,count-up ends on number word,counter font; unit icon; ticker vs pop,P1 P2 P3 P4,S,1.5,1.5,yes
T13,SIZE_COMPARE,COMPARE_SIZE,MAP.SIZE_COMPARE (equal-area reprojection) MAP.LABEL_CALLOUT,static wide,drag 1.2-2 s; overlap reveal on comparison word,drag path; ghost vs solid; 2-3 comparators,P1 P3,M,2.5,2.5,yes
T14,DATA_MAP_REVEAL,DATA_DISTRIBUTION,MAP.CHOROPLETH|MAP.CITY_DOTS|MAP.HEAT legend,static or slow push,sweep 1-2 s; legend first (context before data),sweep direction; classed vs continuous; dot vs fill,P1 P3,M,2.5,2.5,yes
T15,CHART_BUILD,STAT_FACT;CAUSE_EFFECT,GFX.CHART (incremental) annotations,static,one series/element per sentence; allows 20-60 s holds,bar|line|area; annotation style,P3 P1,M,2.5,2.5,yes
T16,ENV_CONDITION,ENV_CONDITION,MAP.TERRAIN_RELIEF CAM.ORBIT_3D FX.WEATHER_RAIN|SNOW|FOG SFX.AMBIENT,orbit 5-15 deg over 4-8 s,FX ramps in over 0.5-1 s on condition noun,weather type; time of day; orbit dir,P1 P2,L,4.0,4.5,yes
T17,CHAPTER_CARD,CHAPTER_BREAK;TIME_JUMP,GFX.TITLE_CARD MAP.YEAR_COUNTER MUS.CHANGE TR.ZOOM_THROUGH|TR.DIP,n/a,1.5-3 s; music change on card in,typography lockup; transition type,P1 P2 P3 P4,S,1.5,1.5,yes
T20,HOOK_MONTAGE,HOOK,3-5 sub-shots from other templates at 0.6-1.2 s; SFX.HIT SFX.RISER,whip/zoom-through between sub-shots,first visual change <=1 s; total 3-8 s,sub-shot selection; rhythm,P1 P2 P3 P4 (shorts-critical),M,2.5,2.5,yes
T18,QUOTE_DOCUMENT,QUOTE_DOC,GFX.DOC_PAPER highlighter FX.PAPER_GRAIN,slow push 2-5%,highlighter 8-12 frames per phrase as read,paper type; highlight colour,P1 P2,S,1.5,1.5,phase-2
T19,CAUSE_EFFECT_ON_MAP,CAUSE_EFFECT,arrows between regions GFX.ICON_SWARM,static,one link per clause,icon set; arrow style,P3 P1,M,2.5,2.5,phase-2
T21,RECAP_ZOOM_OUT,RECAP;CTA_OUTRO,CAM.ZOOM_OUT_REVEAL all highlights,zoom-out,2-4 s,end card,P1 P2 P3 P4,S,1.5,1.5,phase-2
T22,SPLIT_COMPARE,COMPARE_SIZE;COMPARE,CAM.SPLIT (stacked in 9:16),two synced cams,1.5-3 s,split orientation,P1 P3,M,2.5,2.5,phase-2
