id,topic,y0,y1,tier,need_res,clio_rows,clio_bps,clio_interval,clio_keys,clio_score,wd_notable,wd_1443_1821,waratlas,battle_score,pleiades,front,route,ohm_key_rels,ohm_keys_matched,ohm_interval,ohm_inbox,ohm_score
1,WWII in Europe / Eastern Front month-by-month,1939,1945,A,0.1,13,7,1.0,2/2,1,165,,157.0,3,,2.0,3.0,14,1/2,1.4,144,1
2,WWII global every day/month,1939,1945,A,0.1,19,7,1.0,3/3,1,265,,219.0,3,,2.0,3.0,14,1/3,1.4,410,1
3,WWI fronts 1914-1918,1914,1918,A,0.25,18,5,1.0,4/4,1,139,,95.0,3,,3.0,3.0,7,4/4,1.67,74,1
4,Rome: Republic to fall of the West,-509,476,A,10.0,123,124,7.95,3/3,3,232,,,3,32710.0,1.0,2.0,14,2/3,70.43,98,1
5,Mongol conquests,1206,1294,A,2.0,12,12,7.42,1/1,1,49,,,3,,1.0,2.0,9,1/1,9.89,55,1
6,Alexander the Great,-336,-323,A,1.0,8,5,2.8,2/2,2,14,,,3,16288.0,1.0,2.0,0,0/2,,7,0
7,Napoleonic Wars 1799-1815,1799,1815,A,1.0,9,10,1.7,2/2,2,97,565.0,305.0,3,,2.0,3.0,14,1/2,1.7,202,2
8,American Civil War,1861,1865,A,0.25,10,5,1.0,2/2,1,58,,75.0,3,,3.0,3.0,13,2/2,5.0,12,1
9,Ottoman rise 1299-1683,1299,1683,A,10.0,57,58,6.64,1/1,3,105,439.0,,3,,1.0,2.0,13,1/1,29.62,101,2
10,Russia-Ukraine war 2022-,2022,2026,A,0.05,4,2,2.5,2/2,1,40,,47.0,3,,0.0,1.0,0,0/2,,3,0
11,Crusades 1095-1291,1095,1291,A,5.0,38,21,9.38,4/4,2,86,,,3,,1.0,2.0,3,2/4,65.67,44,1
12,Three Kingdoms China,184,280,A,2.0,15,9,10.78,4/4,1,8,,,2,5.0,1.0,1.0,0,0/4,,1,0
13,Fall of W. Rome / Migration period,376,476,A,5.0,39,20,5.05,4/4,2,12,,,3,29434.0,1.0,2.0,18,3/4,7.21,37,2
14,Byzantine Empire 395-1453,395,1453,A,10.0,126,126,8.4,2/2,3,245,14.0,,3,,1.0,1.0,36,1/2,29.42,170,2
15,Conquest of the Aztecs,1519,1521,A,0.25,1,1,3.0,1/1,1,2,12.0,,3,,1.0,2.0,1,1/1,3.0,14,1
16,Conquest of the Inca,1532,1572,B,1.0,4,4,10.25,1/1,1,2,40.0,,3,,1.0,2.0,1,1/1,41.0,7,1
17,Scramble for Africa,1881,1914,A,2.0,28,12,2.83,5/5,2,22,,90.0,3,,,2.0,13,2/5,2.62,261,2
18,Partition of India 1947,1945,1950,A,0.5,7,4,1.5,3/3,2,1,,0.0,1,,,2.0,4,2/3,3.0,47,1
19,Korean War,1950,1953,A,0.1,4,2,2.0,2/2,1,6,,11.0,3,,3.0,3.0,2,1/1,2.0,6,1
20,Thirty Years' War,1618,1648,B,2.0,21,11,2.82,3/3,2,30,137.0,,3,,1.0,2.0,7,2/3,6.2,30,1
21,Punic Wars,-264,-146,A,2.0,35,20,5.95,2/2,2,45,,,3,13576.0,1.0,2.0,5,1/2,29.75,17,1
22,Hundred Years' War,1337,1453,B,5.0,29,16,7.31,2/2,2,28,13.0,,3,,1.0,2.0,1,1/2,117.0,11,1
23,Early Islamic conquests,632,750,A,5.0,21,20,5.95,2/2,2,58,,,3,,1.0,1.0,3,2/2,39.67,22,1
24,Vikings,793,1066,A,10.0,21,16,17.12,3/3,2,29,,,3,,,1.0,0,0/3,,74,0
25,Achaemenid Persia,-550,-330,B,10.0,13,13,17.0,1/1,2,47,,,3,14863.0,,1.0,0,0/1,,10,0
26,Greco-Persian Wars,-499,-449,B,1.0,3,3,17.0,1/1,1,9,,,2,5672.0,1.0,1.0,0,0/1,,4,0
27,Peloponnesian War,-431,-404,B,1.0,2,2,14.0,2/2,1,9,,,2,5672.0,1.0,1.0,0,0/2,,4,0
28,Warring States & Qin unification,-475,-221,B,5.0,32,19,13.42,2/2,2,1,,,1,3.0,1.0,1.0,0,0/2,,0,0
29,Russian Civil War,1917,1922,B,0.25,3,3,2.0,2/2,1,25,,66.0,3,,2.0,2.0,2,2/2,6.0,59,1
30,Spanish Civil War,1936,1939,B,0.25,4,2,2.0,2/2,1,16,,24.0,3,,2.0,2.0,0,0/2,,7,0
31,Pacific War,1941,1945,A,0.25,5,5,1.0,1/1,1,68,,39.0,3,,3.0,3.0,0,0/1,,82,0
32,American Revolutionary War,1775,1783,B,0.5,5,6,1.5,1/1,2,30,160.0,41.0,3,,2.0,2.0,2,1/1,3.0,20,1
33,Seven Years' War,1756,1763,B,1.0,8,4,2.0,2/2,2,48,177.0,2.0,3,,1.0,2.0,1,1/2,8.0,281,1
34,Chinese Civil War,1927,1950,B,0.5,22,16,1.5,2/2,2,42,,54.0,3,,2.0,2.0,2,1/2,8.0,75,1
35,Vietnam War,1955,1975,B,0.5,5,4,5.25,2/2,1,18,,11.0,3,,2.0,2.0,0,0/1,,5,0
36,Cold War blocs,1945,1991,B,5.0,15,15,3.13,1/1,3,93,,204.0,3,,,,14,1/1,5.88,923,2
37,Collapse of the USSR,1985,1992,B,0.5,5,5,1.6,2/2,1,2,,4.0,2,,,,7,2/2,2.67,42,1
38,Yugoslav Wars,1991,2001,B,0.25,5,4,2.75,3/3,1,11,,27.0,3,,1.0,2.0,4,2/3,5.5,15,1
39,Arab-Israeli wars 1948-1973,1948,1973,B,0.1,7,7,3.71,1/1,1,3,,25.0,3,,2.0,2.0,3,1/1,8.67,15,1
40,Gulf Wars,1990,2003,B,0.1,0,1,14.0,1/1,0,8,,8.0,2,,2.0,2.0,1,1/1,14.0,3,1
41,Syrian Civil War,2011,2024,B,0.1,3,3,4.67,2/2,1,26,,30.0,3,,0.0,1.0,0,0/2,,3,0
42,Taiping Rebellion,1850,1864,C,1.0,16,9,1.67,2/2,2,2,,16.0,3,,1.0,1.0,4,1/2,5.0,4,1
43,Qing decline / Opium Wars,1839,1912,B,2.0,23,23,3.22,1/1,2,33,,90.0,3,,1.0,1.0,11,1/1,7.4,62,1
44,Unification of Germany,1864,1871,B,0.5,1,2,4.0,3/3,1,19,,46.0,3,,2.0,2.0,6,3/3,2.0,48,1
45,Unification of Italy,1848,1871,B,1.0,10,10,2.4,2/2,2,13,,22.0,3,,2.0,2.0,3,1/2,6.0,38,1
46,US territorial expansion,1783,1867,A,2.0,40,40,2.12,1/1,2,76,96.0,145.0,3,,,,18,1/1,6.54,99,1
47,Russian conquest of Siberia,1580,1700,B,5.0,25,25,4.84,1/1,3,0,8.0,0.0,2,,,1.0,8,1/1,15.12,4,1
48,Partitions of Poland,1772,1795,B,1.0,4,4,6.0,1/1,1,5,33.0,13.0,3,,,,4,1/1,8.0,7,1
49,Mughal Empire,1526,1857,B,10.0,79,61,5.44,2/2,3,19,220.0,45.0,3,,,1.0,16,2/2,20.75,267,2
50,British Empire rise and fall,1600,1997,A,10.0,41,42,9.48,1/1,3,1212,3504.0,2194.0,3,,,,321,1/1,2.33,3843,3
51,Spanish Empire,1492,1898,B,10.0,76,77,5.29,1/1,3,735,4378.0,1418.0,3,,,1.0,162,1/1,3.18,2608,3
52,Portuguese Empire,1415,1999,C,10.0,48,49,11.94,1/1,2,1383,4615.0,2200.0,3,,,1.0,7,1/1,73.12,4213,1
53,Age of Exploration voyages,1415,1600,B,5.0,27,20,9.3,2/2,2,171,1131.0,,3,,,2.0,67,2/2,3.51,493,3
54,Hannibal / Second Punic War,-218,-201,A,0.5,16,8,2.25,2/2,1,34,,,3,13576.0,1.0,2.0,3,1/2,9.0,11,1
55,Caesar's Gallic Wars,-58,-50,B,0.5,2,2,4.5,1/1,1,11,,,3,4372.0,1.0,2.0,0,0/1,,0,0
56,Caesar's Civil War,-49,-45,B,0.5,3,3,1.67,1/1,1,10,,,3,27166.0,1.0,2.0,0,0/1,,2,0
57,Roman-Persian wars,-66,628,B,10.0,114,87,7.99,3/3,3,30,,,3,6330.0,1.0,1.0,13,2/3,53.46,2,1
58,Justinian's reconquest,527,565,B,2.0,14,7,5.57,4/4,2,11,,,3,24689.0,1.0,1.0,8,3/4,6.5,13,1
59,Charlemagne & Carolingians,768,843,B,5.0,13,13,5.85,2/2,2,5,,,2,,,1.0,6,1/1,12.67,40,2
60,Norman Conquest 1066,1066,1071,B,0.1,0,1,6.0,2/2,0,3,,,2,,1.0,2.0,0,0/2,,7,0
61,Reconquista,718,1492,B,10.0,82,51,15.2,4/4,2,32,25.0,,3,,,1.0,49,4/4,17.22,96,2
62,Timur's conquests,1370,1405,B,2.0,4,5,7.2,1/1,1,1,,,1,,1.0,1.0,0,0/2,,6,0
63,Fall of Constantinople 1453,1451,1453,B,0.1,3,2,1.5,2/2,1,1,2.0,,1,,1.0,2.0,1,1/2,3.0,1,1
64,Ottoman decline 1683-1922,1683,1922,B,5.0,76,76,3.16,1/1,3,184,345.0,292.0,3,,1.0,1.0,20,1/1,12.63,252,2
65,Sengoku Japan,1467,1615,B,2.0,26,22,6.77,3/3,1,17,191.0,,3,,1.0,1.0,1,1/3,74.5,0,1
66,Imjin War,1592,1598,C,0.25,2,2,3.5,1/1,1,4,22.0,,3,,1.0,1.0,0,0/1,,1,0
67,Tang Dynasty,618,907,B,10.0,32,33,8.79,1/1,3,1,,,1,,,1.0,0,0/1,,8,0
68,Han Dynasty & Xiongnu,-202,220,B,10.0,48,33,12.82,2/2,2,8,,,2,423.0,,1.0,0,0/2,,9,0
69,Ancient Egypt dynasties,-3100,-30,A,50.0,39,40,76.78,4/4,2,10,,,3,1781.0,,,0,0/4,,5,0
70,Assyria & Babylon,-1400,-539,B,25.0,17,17,50.71,3/3,2,12,,,3,3651.0,,1.0,2,1/3,287.33,6,1
71,Bronze Age Collapse,-1250,-1100,B,10.0,7,5,30.2,2/2,1,2,,,1,11573.0,,1.0,0,0/2,,2,0
72,Maurya Empire,-322,-185,C,10.0,8,9,15.33,1/1,2,0,,,0,787.0,,,0,0/1,,1,0
73,Abbasid Caliphate,750,1258,B,10.0,37,37,13.76,1/1,2,148,,,3,,,,10,1/1,50.9,163,1
74,Seljuks & Manzikert,1037,1194,C,5.0,35,18,8.78,2/2,2,58,,,3,,1.0,1.0,1,1/2,158.0,15,1
75,Black Death spread,1346,1353,A,0.25,4,2,4.0,2/2,1,7,,,2,,,2.0,1,1/2,8.0,45,1
76,Kievan Rus',882,1240,B,10.0,15,15,23.93,1/1,2,10,,,3,,,1.0,0,0/1,,8,0
77,Rise of Muscovy,1300,1600,B,10.0,59,44,6.84,3/3,3,18,57.0,,3,,,1.0,11,2/3,27.36,27,2
78,Great Northern War,1700,1721,C,1.0,13,7,3.14,2/2,1,17,76.0,0.0,3,,1.0,2.0,5,2/2,5.5,14,1
79,Collapse of Austria-Hungary & Versailles borders,1918,1923,A,0.5,4,4,1.5,3/3,2,38,,74.0,3,,,,1,1/3,6.0,113,1
80,Rise of Nazi Germany 1933-39,1933,1939,A,0.25,3,4,1.75,1/1,1,13,,6.0,3,,,,0,0/1,,29,0
81,Battle of Stalingrad,1942,1943,A,0.02,4,2,1.0,2/2,1,5,,5.0,2,,3.0,3.0,1,1/2,2.0,0,1
82,D-Day & Normandy,1944,1944,A,0.02,1,1,1.0,1/1,1,9,,5.0,2,,3.0,3.0,0,0/1,,0,0
83,North African campaign,1940,1943,B,0.1,4,4,1.0,1/1,1,19,,5.0,3,,3.0,3.0,8,1/1,1.33,29,1
84,Winter War,1939,1940,B,0.05,2,2,1.0,1/1,1,6,,8.0,2,,2.0,2.0,8,1/1,1.0,9,1
85,Falklands War,1982,1982,C,0.02,1,1,1.0,1/1,1,1,,2.0,1,,2.0,2.0,1,1/1,1.0,0,1
86,Iran-Iraq War,1980,1988,C,0.25,3,3,3.0,2/2,1,6,,8.0,2,,1.0,1.0,3,2/2,4.5,1,1
87,Soviet-Afghan War,1979,1989,B,0.5,0,1,11.0,1/1,0,2,,6.0,2,,1.0,1.0,0,0/1,,1,0
88,War in Afghanistan 2001-2021,2001,2021,B,0.5,2,2,10.5,1/1,1,14,,16.0,3,,1.0,1.0,0,0/1,,4,0
89,Israel-Gaza war 2023-,2023,2026,A,0.02,4,2,2.0,2/2,1,5,,15.0,3,,0.0,1.0,1,1/2,4.0,2,1
90,Sudan & Tigray wars,2020,2026,C,0.1,2,2,3.5,1/1,1,1,,9.0,2,,0.0,1.0,0,0/1,,9,0
91,Mexican-American War,1846,1848,C,0.25,5,2,1.5,3/3,1,6,,8.0,2,,2.0,2.0,4,2/3,1.5,13,1
92,Latin American independence,1808,1833,B,1.0,12,10,2.6,2/2,2,8,122.0,70.0,3,,1.0,1.0,27,2/2,1.73,130,2
93,Zulu & Boer wars,1879,1902,C,0.25,6,4,6.0,2/2,1,13,,56.0,3,,2.0,2.0,1,1/2,24.0,16,1
94,Haitian Revolution,1791,1804,C,1.0,2,3,4.67,2/2,1,1,36.0,13.0,3,,1.0,1.0,1,1/1,7.0,4,1
95,Mesoamerican empires pre-contact,1200,1519,B,25.0,18,15,21.33,3/3,3,0,4.0,,2,,,,3,1/3,80.0,37,1
96,Mali & Songhai empires,1235,1591,B,25.0,12,9,39.67,2/2,2,1,2.0,,1,,,1.0,1,1/2,178.5,11,1
97,Khmer Empire,802,1431,C,25.0,15,15,42.0,1/1,2,0,,,0,,,,0,0/1,,28,0
98,Ottoman-Habsburg wars & Vienna,1529,1699,B,2.0,55,34,5.03,2/2,2,34,181.0,,3,,1.0,2.0,4,1/2,42.75,14,1
99,Silk Road,-130,1453,A,50.0,113,96,16.5,3/3,3,419,30.0,,3,,,2.0,36,1/3,42.81,325,3
100,"Modern geopolitics explainers (Kashmir, Taiwan, SCS, borders)",2000,2026,A,1.0,4,2,13.5,2/2,1,140,,277.0,3,,,,5,2/2,6.75,282,1
